words,rmse,trend_points
pressure,1.667116144779825,7
off,1.5977804958901192,5
baby,1.7788447318079006,4
caught,1.738730134243013,5
~,1.6640167959627492,4
sports,1.5476350369433989,4
children,1.7734437847047215,3
same,1.6850752452252336,6
chinese,0.6832242550200825,4
though,1.9040837503650696,5
